id;nom;prenom;telephone;matricule
1;Multi-channelled Licensed;grey Cambridgeshire;;envisioneer Music Public-key
2;infomediaries;Investment Account;;Facilitator
3;Views e-enable Communications;National Awesome sky blue;;mission-critical Faroe Islands Plastic
4;Car Industrial deliverables;orange Books;;Highway Ergonomic
5;moratorium moratorium;New York tangible Mississippi;;Sleek Metal Table Small
6;Intelligent Outdoors;Harbor Montana;;JSON
7;virtual deposit;Squares mint green e-business;;SQL Games
8;Iraq Bedfordshire;Concrete 24/7 Directives;;Quality-focused
9;card Plastic;Computers Personal Loan Account Berkshire;;Designer Persistent
10;Handmade 24/7 Re-contextualized;web-enabled invoice withdrawal;;red firewall open-source
